{
  "0.005": {
    "TpV": {
      "psnr_mean": 30.414747304183848,
      "psnr_std": 1.7489405343318376,
      "ssim_mean": 0.8757295362200289,
      "ssim_std": 0.02293127852274336,
      "lp_mean": 0.11133287528795856,
      "lp_std": 0.023145987959498675
    },
    "UNet": {
      "psnr_mean": 30.593470600362497,
      "psnr_std": 1.7037260332909907,
      "ssim_mean": 0.864955427958124,
      "ssim_std": 0.03307180277121894,
      "lp_mean": 0.19409050905278752,
      "lp_std": 0.044273764499411145
    },
    "DPS": {
      "psnr_mean": 32.83990419063183,
      "psnr_std": 2.7607134477641777,
      "ssim_mean": 0.9055412415886265,
      "ssim_std": 0.04364107984095075,
      "lp_mean": 0.10862073467246124,
      "lp_std": 0.05282842133056198
    },
    "PnP-HQS": {
      "psnr_mean": 37.508409029690156,
      "psnr_std": 1.2231482752633234,
      "ssim_mean": 0.9554954774974951,
      "ssim_std": 0.014252395836844185,
      "lp_mean": 0.04581306363056813,
      "lp_std": 0.018294665797766833
    }
  },
  "0.01": {
    "TpV": {
      "psnr_mean": 30.31160904645584,
      "psnr_std": 1.7304317197995933,
      "ssim_mean": 0.8724424017266467,
      "ssim_std": 0.022930375941270585,
      "lp_mean": 0.11196078815630504,
      "lp_std": 0.023227394348203388
    },
    "UNet": {
      "psnr_mean": 30.61173157884969,
      "psnr_std": 1.7023228025721944,
      "ssim_mean": 0.8650898941292553,
      "ssim_std": 0.033075996058040964,
      "lp_mean": 0.19336868134992463,
      "lp_std": 0.04410848736587012
    },
    "DPS": {
      "psnr_mean": 32.759737366156195,
      "psnr_std": 2.736655559450303,
      "ssim_mean": 0.9042640271238085,
      "ssim_std": 0.042835163585896986,
      "lp_mean": 0.10965981686753887,
      "lp_std": 0.052552658720417846
    },
    "PnP-HQS": {
      "psnr_mean": 36.74692212141765,
      "psnr_std": 1.4862641104551286,
      "ssim_mean": 0.9499999088859504,
      "ssim_std": 0.014609610030275938,
      "lp_mean": 0.030604247053020766,
      "lp_std": 0.0200272571621377
    }
  },
  "0.05": {
    "TpV": {
      "psnr_mean": 27.881053894599773,
      "psnr_std": 1.7880443511183775,
      "ssim_mean": 0.7428154664798399,
      "ssim_std": 0.0718925651618325,
      "lp_mean": 0.18136093625000546,
      "lp_std": 0.06050376701398803
    },
    "UNet": {
      "psnr_mean": 30.793257148784946,
      "psnr_std": 1.719602927826768,
      "ssim_mean": 0.867156487471652,
      "ssim_std": 0.0327458189927234,
      "lp_mean": 0.1797843611879008,
      "lp_std": 0.04280232486225019
    },
    "DPS": {
      "psnr_mean": 31.20083755360171,
      "psnr_std": 2.403533043147989,
      "ssim_mean": 0.8723935377969931,
      "ssim_std": 0.042018970797962345,
      "lp_mean": 0.1410768152347633,
      "lp_std": 0.05099798950916375
    },
    "PnP-HQS": {
      "psnr_mean": 29.310659301914367,
      "psnr_std": 2.4078714413700215,
      "ssim_mean": 0.7859978536627357,
      "ssim_std": 0.0985571897181491,
      "lp_mean": 0.2119567462376186,
      "lp_std": 0.12227402996979843
    }
  },
  "0.1": {
    "TpV": {
      "psnr_mean": 22.457481375691728,
      "psnr_std": 2.24189348024806,
      "ssim_mean": 0.4247896826718057,
      "ssim_std": 0.10606620817528424,
      "lp_mean": 0.4713621081624712,
      "lp_std": 0.13024088173283754
    },
    "UNet": {
      "psnr_mean": 30.426280023522008,
      "psnr_std": 1.9106060510695941,
      "ssim_mean": 0.8522608162192004,
      "ssim_std": 0.05519546337248634,
      "lp_mean": 0.14548035077750682,
      "lp_std": 0.062083373802283896
    },
    "DPS": {
      "psnr_mean": 29.63615213532809,
      "psnr_std": 2.177360968120446,
      "ssim_mean": 0.8286847404988816,
      "ssim_std": 0.044769879650399864,
      "lp_mean": 0.18070418821913856,
      "lp_std": 0.05158598749966311
    },
    "PnP-HQS": {
      "psnr_mean": 27.093692943988167,
      "psnr_std": 2.2105745736931413,
      "ssim_mean": 0.7072719491085047,
      "ssim_std": 0.11288691359886789,
      "lp_mean": 0.2899139521590301,
      "lp_std": 0.13852119927660034
    }
  }
}