{
  "0.005": {
    "TpV": {
      "psnr_mean": 30.38687495556772,
      "psnr_std": 1.1853555398743827,
      "ssim_mean": 0.8587145190964725,
      "ssim_std": 0.014086562333628608
    },
    "UNet": {
      "psnr_mean": 31.97012453501223,
      "psnr_std": 1.679943944598316,
      "ssim_mean": 0.9239336999241454,
      "ssim_std": 0.015041207328806847
    },
    "DPS": {
      "psnr_mean": 30.702776216531333,
      "psnr_std": 1.4628554503063556,
      "ssim_mean": 0.8752293624804824,
      "ssim_std": 0.019004434147867923
    },
    "PnP-HQS": {
      "psnr_mean": 35.18603224296781,
      "psnr_std": 1.3468281173430738,
      "ssim_mean": 0.9262776756809593,
      "ssim_std": 0.018728796095154203
    }
  },
  "0.01": {
    "TpV": {
      "psnr_mean": 29.896184288608204,
      "psnr_std": 1.1846140202009057,
      "ssim_mean": 0.8419800872281751,
      "ssim_std": 0.016822804546436
    },
    "UNet": {
      "psnr_mean": 31.88124620177091,
      "psnr_std": 1.6595859237820807,
      "ssim_mean": 0.9196906786386327,
      "ssim_std": 0.013847100884899946
    },
    "DPS": {
      "psnr_mean": 30.790664582757568,
      "psnr_std": 1.5134999064811507,
      "ssim_mean": 0.875323977085029,
      "ssim_std": 0.018884026877617414
    },
    "PnP-HQS": {
      "psnr_mean": 32.881531638994176,
      "psnr_std": 1.3087045863798312,
      "ssim_mean": 0.8649677278918245,
      "ssim_std": 0.043196096630393456
    }
  },
  "0.05": {
    "TpV": {
      "psnr_mean": 16.581910730022592,
      "psnr_std": 2.450746855111855,
      "ssim_mean": 0.2264627264318503,
      "ssim_std": 0.08499170844092073
    },
    "UNet": {
      "psnr_mean": 28.369500194147815,
      "psnr_std": 1.365885852242086,
      "ssim_mean": 0.7334290513986662,
      "ssim_std": 0.07225342787013873
    },
    "DPS": {
      "psnr_mean": 30.416411677638145,
      "psnr_std": 1.3226234825505994,
      "ssim_mean": 0.8481657825061584,
      "ssim_std": 0.019980474352046924
    },
    "PnP-HQS": {
      "psnr_mean": 27.88861267376733,
      "psnr_std": 1.7972415119331369,
      "ssim_mean": 0.7749686492854527,
      "ssim_std": 0.04326816454899393
    }
  },
  "0.1": {
    "TpV": {
      "psnr_mean": 10.899477766353147,
      "psnr_std": 1.4567362636992787,
      "ssim_mean": 0.08704503671146079,
      "ssim_std": 0.0346816235986054
    },
    "UNet": {
      "psnr_mean": 23.898117655502467,
      "psnr_std": 1.5058852893953354,
      "ssim_mean": 0.5078854347631635,
      "ssim_std": 0.09158367041928979
    },
    "DPS": {
      "psnr_mean": 29.03884504782988,
      "psnr_std": 1.2911594412971652,
      "ssim_mean": 0.7795283416935649,
      "ssim_std": 0.03125019528354171
    },
    "PnP-HQS": {
      "psnr_mean": 20.071838366184398,
      "psnr_std": 3.51087055234123,
      "ssim_mean": 0.5122380611395577,
      "ssim_std": 0.133928599588071
    }
  }
}